{
    "LinearRegression": 0.019087712444744966,
    "XGBoost": 0.02320667110193489,
    "LSTM": 0.01883868110463162
}